x ,y, z, class, r, g, b
1.168623e+01, -2.144646e+01, 1.198526e+01, 1.000000e+00, 0.000000e+00, 2.550000e+02, 0.000000e+00
-5.912483e+00, -1.914927e+01, 3.037381e+00, 3.000000e+00, 2.550000e+02, 2.550000e+02, 0.000000e+00
1.615915e+01, 2.579123e+01, 5.143137e+00, 4.000000e+00, 2.550000e+02, 0.000000e+00, 2.550000e+02
